store_id,store_name,latitude,longitude,open_time,close_time,is_open,popular_items,available_sizes,current_offer,available_quantity
2001,Costa Coffee FC Road,18.424305,73.749385,06:30,23:59,Yes,Tea|Mocha|Cold Coffee|Americano,S|M|L,Flat Rs.50 off on orders above 300,"{""S"": 39, ""M"": 6, ""L"": 48}"
2002,Cafe Coffee Day Camp,18.584617,73.926956,07:00,23:00,No,Sandwich|Hot Cocoa|Mocha|Tea|Muffin|Americano,S|M|L,10% Off on Hot Cocoa,"{""S"": 48, ""M"": 2, ""L"": 27}"
2003,Cafe Coffee Day Viman Nagar,18.508428,73.94139,09:00,23:59,Yes,Cold Coffee|Sandwich|Hot Cocoa,S|M|L,Buy1Get1 Muffin,"{""S"": 31, ""M"": 27, ""L"": 8}"
2004,The Daily Grind Viman Nagar,18.517389,73.762952,09:00,23:59,No,Sandwich|Latte|Tea|Cold Coffee,S|M|L,No Offer,"{""S"": 37, ""M"": 24, ""L"": 39}"
2005,Brew & Co Aundh,18.477316,73.743455,06:30,22:00,No,Muffin|Latte|Mocha|Espresso|Sandwich,S|M|L,No Offer,"{""S"": 22, ""M"": 22, ""L"": 26}"
2006,Brew & Co FC Road,18.559098,73.796127,08:00,20:00,Yes,Cappuccino|Mocha|Cold Coffee|Latte|Hot Cocoa,S|M|L,20% off on Mornings,"{""S"": 2, ""M"": 29, ""L"": 42}"
2007,Bean Brothers Kalyani Nagar,18.523942,73.837781,06:30,23:59,Yes,Tea|Muffin|Mocha|Hot Cocoa|Latte,S|M|L,No Offer,"{""S"": 6, ""M"": 44, ""L"": 43}"
2008,Blue Tokai Wakad,18.519616,73.93145,08:00,22:00,No,Tea|Espresso|Americano|Mocha|Latte,S|M|L,Flat Rs.50 off on orders above 300,"{""S"": 13, ""M"": 18, ""L"": 16}"
2009,Starbucks Aundh,18.639495,73.833187,07:00,20:00,Yes,Hot Cocoa|Cappuccino|Americano|Espresso|Sandwich,S|M|L,20% off on Mornings,"{""S"": 50, ""M"": 4, ""L"": 41}"
2010,The Daily Grind Camp,18.59339,73.840599,08:00,22:00,No,Hot Cocoa|Sandwich|Americano|Mocha|Muffin|Cappuccino,S|M|L,10% Off on Hot Cocoa,"{""S"": 40, ""M"": 45, ""L"": 33}"
2011,Costa Coffee Kalyani Nagar,18.520209,73.895293,09:00,23:00,No,Sandwich|Espresso|Mocha,S|M|L,No Offer,"{""S"": 9, ""M"": 15, ""L"": 9}"
2012,The Daily Grind Viman Nagar,18.498862,73.943145,06:30,22:00,No,Hot Cocoa|Cold Coffee|Muffin|Mocha|Americano,S|M|L,Buy1Get1 Muffin,"{""S"": 25, ""M"": 15, ""L"": 7}"
2013,Costa Coffee Koregaon Park,18.407049,73.927991,08:00,23:59,No,Tea|Latte|Espresso|Cappuccino|Cold Coffee|Muffin,S|M|L,10% Off on Hot Cocoa,"{""S"": 16, ""M"": 50, ""L"": 17}"
2014,Roast House Baner,18.555031,73.746836,09:00,20:00,Yes,Mocha|Hot Cocoa|Cappuccino,S|M|L,No Offer,"{""S"": 23, ""M"": 42, ""L"": 42}"
2015,Cafe Coffee Day Viman Nagar,18.626759,73.910516,07:00,22:00,Yes,Sandwich|Muffin|Hot Cocoa,S|M|L,No Offer,"{""S"": 5, ""M"": 15, ""L"": 38}"
2016,Cafe Coffee Day Wakad,18.479429,73.876938,09:00,22:00,No,Cold Coffee|Cappuccino|Muffin|Sandwich,S|M|L,20% off on Mornings,"{""S"": 28, ""M"": 26, ""L"": 16}"
2017,Coffee Corner FC Road,18.518086,73.826629,06:30,23:00,No,Espresso|Hot Cocoa|Cold Coffee|Americano|Muffin|Tea,S|M|L,20% off on Mornings,"{""S"": 1, ""M"": 41, ""L"": 38}"
2018,Starbucks FC Road,18.566164,73.926013,07:00,23:00,No,Mocha|Cappuccino|Espresso|Tea|Americano,S|M|L,No Offer,"{""S"": 0, ""M"": 25, ""L"": 16}"
2019,The Daily Grind MG Road,18.625117,73.9183,08:00,22:00,Yes,Mocha|Tea|Latte|Cold Coffee|Americano|Espresso,S|M|L,No Offer,"{""S"": 47, ""M"": 26, ""L"": 21}"
2020,Bean Brothers MG Road,18.598256,73.904336,06:30,23:00,No,Americano|Latte|Sandwich|Mocha|Tea,S|M|L,Buy1Get1 Muffin,"{""S"": 40, ""M"": 28, ""L"": 50}"
2021,Costa Coffee FC Road,18.496559,73.887491,08:00,20:00,Yes,Espresso|Sandwich|Cold Coffee|Tea,S|M|L,Flat Rs.50 off on orders above 300,"{""S"": 43, ""M"": 26, ""L"": 50}"
2022,Brew & Co Pune Central,18.515208,73.913141,08:00,22:00,No,Espresso|Cappuccino|Tea|Cold Coffee|Sandwich,S|M|L,No Offer,"{""S"": 24, ""M"": 36, ""L"": 14}"
2023,Starbucks FC Road,18.621947,73.892006,07:00,20:00,No,Hot Cocoa|Cold Coffee|Latte|Espresso,S|M|L,Flat Rs.50 off on orders above 300,"{""S"": 27, ""M"": 38, ""L"": 16}"
2024,Costa Coffee MG Road,18.630328,73.777529,06:30,20:00,No,Americano|Cappuccino|Espresso|Mocha|Sandwich|Tea,S|M|L,20% off on Mornings,"{""S"": 18, ""M"": 47, ""L"": 31}"
2025,Bean Brothers Baner,18.503914,73.786285,07:00,23:00,Yes,Cold Coffee|Tea|Muffin|Latte|Americano|Mocha,S|M|L,Buy1Get1 Muffin,"{""S"": 39, ""M"": 28, ""L"": 15}"
2026,Brew & Co Kalyani Nagar,18.564624,73.846659,06:30,23:59,Yes,Tea|Espresso|Muffin|Mocha|Sandwich,S|M|L,Flat Rs.50 off on orders above 300,"{""S"": 16, ""M"": 4, ""L"": 6}"
2027,Roast House FC Road,18.412907,73.960156,09:00,23:00,Yes,Hot Cocoa|Sandwich|Tea,S|M|L,20% off on Mornings,"{""S"": 25, ""M"": 42, ""L"": 23}"
2028,Costa Coffee Camp,18.41027,73.779749,07:00,23:59,No,Cold Coffee|Cappuccino|Mocha|Americano|Hot Cocoa|Espresso,S|M|L,Buy1Get1 Muffin,"{""S"": 16, ""M"": 7, ""L"": 20}"
2029,Starbucks Baner,18.520211,73.970309,08:00,23:00,No,Hot Cocoa|Muffin|Mocha|Espresso|Cappuccino,S|M|L,20% off on Mornings,"{""S"": 47, ""M"": 31, ""L"": 48}"
2030,Costa Coffee Camp,18.605128,73.894481,09:00,20:00,Yes,Latte|Espresso|Cold Coffee|Muffin,S|M|L,No Offer,"{""S"": 16, ""M"": 10, ""L"": 45}"
2031,Urban Sip Viman Nagar,18.428246,73.951542,09:00,20:00,No,Sandwich|Americano|Muffin|Espresso|Latte,S|M|L,Buy1Get1 Muffin,"{""S"": 7, ""M"": 22, ""L"": 5}"
2032,Blue Tokai Aundh,18.443757,73.777091,08:00,22:00,Yes,Tea|Cappuccino|Espresso|Muffin,S|M|L,No Offer,"{""S"": 43, ""M"": 6, ""L"": 21}"
2033,Starbucks Aundh,18.563915,73.900053,09:00,23:00,Yes,Cold Coffee|Latte|Cappuccino|Espresso|Mocha,S|M|L,No Offer,"{""S"": 29, ""M"": 40, ""L"": 17}"
2034,Coffee Corner FC Road,18.479462,73.747223,09:00,23:00,Yes,Latte|Hot Cocoa|Mocha|Tea,S|M|L,10% Off on Hot Cocoa,"{""S"": 47, ""M"": 4, ""L"": 35}"
2035,Coffee Corner Viman Nagar,18.422612,73.797939,07:00,23:59,Yes,Espresso|Cold Coffee|Tea,S|M|L,No Offer,"{""S"": 18, ""M"": 41, ""L"": 48}"
2036,Costa Coffee MG Road,18.472051,73.928964,08:00,22:00,No,Mocha|Sandwich|Espresso,S|M|L,No Offer,"{""S"": 28, ""M"": 24, ""L"": 30}"
2037,The Daily Grind Kalyani Nagar,18.544482,73.758353,09:00,23:00,Yes,Tea|Cappuccino|Latte|Hot Cocoa|Cold Coffee|Espresso,S|M|L,Buy1Get1 Muffin,"{""S"": 41, ""M"": 43, ""L"": 45}"
2038,Costa Coffee Pune Central,18.526947,73.892034,06:30,23:00,No,Cappuccino|Americano|Hot Cocoa|Muffin|Tea|Cold Coffee,S|M|L,Buy1Get1 Muffin,"{""S"": 33, ""M"": 27, ""L"": 18}"
2039,Coffee Corner FC Road,18.532639,73.956852,06:30,23:59,No,Americano|Hot Cocoa|Mocha,S|M|L,20% off on Mornings,"{""S"": 37, ""M"": 5, ""L"": 49}"
2040,Roast House FC Road,18.427745,73.895479,07:00,22:00,No,Cappuccino|Tea|Hot Cocoa,S|M|L,20% off on Mornings,"{""S"": 37, ""M"": 46, ""L"": 29}"
2041,Urban Sip Kalyani Nagar,18.59428,73.81862,07:00,22:00,Yes,Muffin|Hot Cocoa|Cappuccino,S|M|L,No Offer,"{""S"": 34, ""M"": 1, ""L"": 0}"
2042,Bean Brothers MG Road,18.403593,73.894092,09:00,23:59,No,Muffin|Mocha|Tea|Americano|Cold Coffee,S|M|L,10% Off on Hot Cocoa,"{""S"": 8, ""M"": 8, ""L"": 0}"
2043,Blue Tokai MG Road,18.596232,73.903748,07:00,20:00,Yes,Cold Coffee|Espresso|Tea|Americano|Mocha|Hot Cocoa,S|M|L,Buy1Get1 Muffin,"{""S"": 5, ""M"": 19, ""L"": 49}"
2044,Urban Sip Baner,18.514157,73.741936,07:00,22:00,No,Americano|Latte|Muffin|Hot Cocoa|Cappuccino|Mocha,S|M|L,20% off on Mornings,"{""S"": 36, ""M"": 25, ""L"": 3}"
2045,Brew & Co FC Road,18.425039,73.940131,09:00,23:59,No,Latte|Americano|Tea|Espresso|Hot Cocoa,S|M|L,Flat Rs.50 off on orders above 300,"{""S"": 46, ""M"": 39, ""L"": 43}"
2046,Urban Sip Koregaon Park,18.57183,73.863494,09:00,23:00,Yes,Tea|Americano|Cappuccino|Espresso|Hot Cocoa,S|M|L,20% off on Mornings,"{""S"": 28, ""M"": 44, ""L"": 27}"
2047,Starbucks Baner,18.469523,73.782828,08:00,23:59,Yes,Muffin|Mocha|Americano|Cappuccino,S|M|L,20% off on Mornings,"{""S"": 46, ""M"": 45, ""L"": 24}"
2048,Bean Brothers Wakad,18.591433,73.928641,07:00,22:00,No,Americano|Cold Coffee|Sandwich,S|M|L,Buy1Get1 Muffin,"{""S"": 10, ""M"": 38, ""L"": 31}"
2049,Cafe Coffee Day Viman Nagar,18.626733,73.855194,07:00,22:00,Yes,Mocha|Hot Cocoa|Muffin,S|M|L,Buy1Get1 Muffin,"{""S"": 11, ""M"": 32, ""L"": 2}"
2050,Cafe Coffee Day Wakad,18.503749,73.884915,06:30,22:00,No,Mocha|Muffin|Latte|Tea|Hot Cocoa,S|M|L,20% off on Mornings,"{""S"": 9, ""M"": 44, ""L"": 32}"
2051,Coffee Corner MG Road,18.569937,73.959092,09:00,23:59,Yes,Muffin|Cappuccino|Latte,S|M|L,Flat Rs.50 off on orders above 300,"{""S"": 6, ""M"": 10, ""L"": 40}"
2052,Cafe Coffee Day Koregaon Park,18.619037,73.774388,08:00,23:59,No,Cold Coffee|Mocha|Sandwich,S|M|L,Buy1Get1 Muffin,"{""S"": 7, ""M"": 12, ""L"": 28}"
2053,Bean Brothers FC Road,18.459276,73.930895,08:00,23:00,Yes,Hot Cocoa|Mocha|Tea,S|M|L,20% off on Mornings,"{""S"": 40, ""M"": 42, ""L"": 15}"
2054,Costa Coffee Camp,18.501613,73.791464,09:00,23:59,No,Sandwich|Mocha|Latte|Espresso|Cappuccino|Americano,S|M|L,Flat Rs.50 off on orders above 300,"{""S"": 4, ""M"": 5, ""L"": 21}"
2055,Brew & Co Viman Nagar,18.636067,73.776138,06:30,23:59,Yes,Muffin|Latte|Hot Cocoa|Espresso,S|M|L,No Offer,"{""S"": 43, ""M"": 44, ""L"": 35}"
2056,The Daily Grind Wakad,18.618615,73.738597,08:00,22:00,No,Espresso|Sandwich|Americano|Mocha|Cold Coffee|Muffin,S|M|L,Buy1Get1 Muffin,"{""S"": 19, ""M"": 5, ""L"": 2}"
2057,Roast House Wakad,18.493998,73.909231,07:00,23:00,Yes,Sandwich|Muffin|Hot Cocoa,S|M|L,Flat Rs.50 off on orders above 300,"{""S"": 21, ""M"": 48, ""L"": 40}"
2058,Costa Coffee FC Road,18.407094,73.927884,08:00,22:00,No,Sandwich|Cappuccino|Latte|Tea|Cold Coffee|Mocha,S|M|L,Flat Rs.50 off on orders above 300,"{""S"": 22, ""M"": 7, ""L"": 3}"
2059,Cafe Coffee Day Pune Central,18.471911,73.913546,09:00,23:00,Yes,Mocha|Hot Cocoa|Sandwich|Muffin,S|M|L,Flat Rs.50 off on orders above 300,"{""S"": 43, ""M"": 8, ""L"": 45}"
2060,Bean Brothers Camp,18.577403,73.761954,07:00,23:00,No,Cold Coffee|Tea|Sandwich,S|M|L,10% Off on Hot Cocoa,"{""S"": 5, ""M"": 3, ""L"": 27}"
2061,Costa Coffee Pune Central,18.451948,73.755437,09:00,23:59,No,Tea|Americano|Sandwich|Mocha|Espresso|Cappuccino,S|M|L,Buy1Get1 Muffin,"{""S"": 32, ""M"": 8, ""L"": 31}"
2062,Urban Sip Baner,18.632728,73.859865,06:30,22:00,No,Latte|Cold Coffee|Mocha|Muffin|Hot Cocoa|Espresso,S|M|L,10% Off on Hot Cocoa,"{""S"": 7, ""M"": 23, ""L"": 36}"
2063,The Daily Grind FC Road,18.525867,73.764958,08:00,23:00,No,Americano|Latte|Cold Coffee|Cappuccino|Hot Cocoa,S|M|L,No Offer,"{""S"": 3, ""M"": 19, ""L"": 18}"
2064,Blue Tokai Baner,18.59699,73.85401,06:30,23:00,Yes,Tea|Americano|Hot Cocoa,S|M|L,Flat Rs.50 off on orders above 300,"{""S"": 28, ""M"": 21, ""L"": 50}"
2065,Bean Brothers Pune Central,18.60067,73.936784,07:00,22:00,No,Americano|Cold Coffee|Mocha|Latte|Hot Cocoa|Muffin,S|M|L,No Offer,"{""S"": 24, ""M"": 14, ""L"": 25}"
2066,Brew & Co Camp,18.411397,73.897607,09:00,23:00,Yes,Latte|Hot Cocoa|Cappuccino|Mocha,S|M|L,Flat Rs.50 off on orders above 300,"{""S"": 5, ""M"": 12, ""L"": 39}"
2067,Roast House Kalyani Nagar,18.582228,73.96645,07:00,23:59,Yes,Sandwich|Cold Coffee|Latte,S|M|L,20% off on Mornings,"{""S"": 50, ""M"": 13, ""L"": 15}"
2068,Coffee Corner Pune Central,18.420716,73.864751,08:00,23:59,Yes,Latte|Mocha|Tea|Cappuccino|Espresso|Muffin,S|M|L,Flat Rs.50 off on orders above 300,"{""S"": 20, ""M"": 24, ""L"": 16}"
2069,Cafe Coffee Day MG Road,18.635549,73.866727,08:00,22:00,Yes,Cappuccino|Cold Coffee|Hot Cocoa|Espresso|Mocha,S|M|L,Buy1Get1 Muffin,"{""S"": 3, ""M"": 39, ""L"": 20}"
2070,Costa Coffee FC Road,18.571592,73.808226,06:30,23:00,Yes,Mocha|Hot Cocoa|Tea|Americano|Latte|Muffin,S|M|L,Buy1Get1 Muffin,"{""S"": 15, ""M"": 48, ""L"": 38}"
2071,Coffee Corner Koregaon Park,18.518715,73.917274,09:00,20:00,No,Mocha|Americano|Tea,S|M|L,10% Off on Hot Cocoa,"{""S"": 30, ""M"": 1, ""L"": 26}"
2072,Blue Tokai FC Road,18.464998,73.967934,06:30,22:00,Yes,Muffin|Tea|Americano|Latte|Mocha,S|M|L,Flat Rs.50 off on orders above 300,"{""S"": 13, ""M"": 50, ""L"": 9}"
2073,Brew & Co Camp,18.636874,73.924386,09:00,23:59,Yes,Americano|Hot Cocoa|Cold Coffee,S|M|L,10% Off on Hot Cocoa,"{""S"": 3, ""M"": 30, ""L"": 17}"
2074,Coffee Corner Aundh,18.601877,73.827937,08:00,22:00,No,Cold Coffee|Sandwich|Cappuccino,S|M|L,20% off on Mornings,"{""S"": 5, ""M"": 25, ""L"": 44}"
2075,Cafe Coffee Day Baner,18.574418,73.976417,09:00,22:00,No,Hot Cocoa|Americano|Muffin|Cappuccino|Mocha,S|M|L,20% off on Mornings,"{""S"": 21, ""M"": 13, ""L"": 29}"
2076,Coffee Corner Wakad,18.40421,73.902743,06:30,23:59,Yes,Cold Coffee|Tea|Americano,S|M|L,No Offer,"{""S"": 34, ""M"": 5, ""L"": 50}"
2077,Cafe Coffee Day Camp,18.407827,73.9364,09:00,20:00,No,Muffin|Mocha|Tea|Cappuccino|Sandwich|Latte,S|M|L,10% Off on Hot Cocoa,"{""S"": 29, ""M"": 23, ""L"": 12}"
2078,Urban Sip FC Road,18.453565,73.741448,08:00,23:00,Yes,Muffin|Hot Cocoa|Espresso,S|M|L,Buy1Get1 Muffin,"{""S"": 31, ""M"": 23, ""L"": 2}"
2079,The Daily Grind Pune Central,18.617482,73.906372,07:00,20:00,Yes,Cappuccino|Hot Cocoa|Americano|Muffin|Sandwich|Tea,S|M|L,Flat Rs.50 off on orders above 300,"{""S"": 43, ""M"": 43, ""L"": 38}"
2080,Coffee Corner Baner,18.416087,73.767479,06:30,22:00,No,Sandwich|Hot Cocoa|Espresso|Tea,S|M|L,10% Off on Hot Cocoa,"{""S"": 44, ""M"": 43, ""L"": 34}"
2081,Coffee Corner Aundh,18.563763,73.948644,06:30,23:59,Yes,Tea|Muffin|Hot Cocoa|Latte|Mocha,S|M|L,Flat Rs.50 off on orders above 300,"{""S"": 29, ""M"": 31, ""L"": 23}"
2082,Roast House FC Road,18.612513,73.790592,08:00,23:59,No,Latte|Tea|Espresso|Cold Coffee|Muffin,S|M|L,Flat Rs.50 off on orders above 300,"{""S"": 1, ""M"": 47, ""L"": 14}"
2083,Bean Brothers MG Road,18.620479,73.78395,08:00,23:00,Yes,Latte|Americano|Tea,S|M|L,10% Off on Hot Cocoa,"{""S"": 37, ""M"": 40, ""L"": 21}"
2084,The Daily Grind Koregaon Park,18.426282,73.793906,08:00,20:00,No,Cappuccino|Americano|Muffin|Mocha,S|M|L,No Offer,"{""S"": 37, ""M"": 7, ""L"": 5}"
2085,Starbucks FC Road,18.490975,73.95032,06:30,22:00,Yes,Latte|Hot Cocoa|Tea|Muffin|Americano|Mocha,S|M|L,Flat Rs.50 off on orders above 300,"{""S"": 3, ""M"": 18, ""L"": 24}"
2086,Bean Brothers MG Road,18.548552,73.835366,06:30,23:59,No,Tea|Cappuccino|Mocha|Americano|Muffin|Latte,S|M|L,No Offer,"{""S"": 33, ""M"": 21, ""L"": 37}"
2087,Blue Tokai MG Road,18.425046,73.879542,06:30,22:00,Yes,Mocha|Tea|Americano|Muffin|Hot Cocoa,S|M|L,No Offer,"{""S"": 11, ""M"": 15, ""L"": 8}"
2088,Starbucks FC Road,18.431043,73.876985,08:00,23:00,Yes,Americano|Hot Cocoa|Mocha|Cold Coffee,S|M|L,20% off on Mornings,"{""S"": 0, ""M"": 33, ""L"": 37}"
2089,Costa Coffee FC Road,18.457373,73.933304,06:30,23:59,No,Espresso|Muffin|Cappuccino|Cold Coffee,S|M|L,Buy1Get1 Muffin,"{""S"": 42, ""M"": 30, ""L"": 44}"
2090,Urban Sip Kalyani Nagar,18.566579,73.941182,08:00,23:00,No,Cold Coffee|Cappuccino|Americano|Tea|Latte,S|M|L,No Offer,"{""S"": 14, ""M"": 0, ""L"": 40}"
2091,Blue Tokai Koregaon Park,18.512369,73.787853,09:00,23:00,No,Tea|Cold Coffee|Latte|Sandwich,S|M|L,10% Off on Hot Cocoa,"{""S"": 4, ""M"": 22, ""L"": 1}"
2092,Roast House MG Road,18.434576,73.842398,08:00,20:00,Yes,Espresso|Hot Cocoa|Cold Coffee|Cappuccino,S|M|L,20% off on Mornings,"{""S"": 46, ""M"": 11, ""L"": 21}"
2093,Roast House Koregaon Park,18.44325,73.741858,08:00,20:00,Yes,Tea|Cappuccino|Mocha|Sandwich,S|M|L,20% off on Mornings,"{""S"": 29, ""M"": 15, ""L"": 23}"
2094,Brew & Co Baner,18.626279,73.971204,09:00,20:00,Yes,Cold Coffee|Espresso|Sandwich|Hot Cocoa,S|M|L,No Offer,"{""S"": 44, ""M"": 23, ""L"": 20}"
2095,Coffee Corner Viman Nagar,18.634876,73.795392,06:30,22:00,No,Mocha|Espresso|Latte|Muffin,S|M|L,20% off on Mornings,"{""S"": 8, ""M"": 32, ""L"": 37}"
2096,Urban Sip Koregaon Park,18.574952,73.92502,06:30,22:00,No,Americano|Sandwich|Muffin|Cappuccino|Cold Coffee,S|M|L,20% off on Mornings,"{""S"": 33, ""M"": 44, ""L"": 30}"
2097,Urban Sip Pune Central,18.464801,73.832927,06:30,22:00,Yes,Americano|Espresso|Tea|Cappuccino,S|M|L,20% off on Mornings,"{""S"": 27, ""M"": 24, ""L"": 36}"
2098,Costa Coffee Wakad,18.461487,73.757042,06:30,23:00,No,Espresso|Latte|Americano|Hot Cocoa|Tea,S|M|L,20% off on Mornings,"{""S"": 27, ""M"": 28, ""L"": 29}"
2099,Bean Brothers Viman Nagar,18.488603,73.85611,08:00,23:59,Yes,Americano|Espresso|Hot Cocoa|Mocha,S|M|L,10% Off on Hot Cocoa,"{""S"": 22, ""M"": 5, ""L"": 18}"
2100,Roast House Camp,18.531596,73.755458,08:00,22:00,Yes,Cappuccino|Mocha|Latte,S|M|L,Flat Rs.50 off on orders above 300,"{""S"": 12, ""M"": 21, ""L"": 12}"
2101,Brew & Co Aundh,18.473052,73.932436,08:00,22:00,Yes,Latte|Hot Cocoa|Sandwich|Tea|Cold Coffee,S|M|L,No Offer,"{""S"": 25, ""M"": 37, ""L"": 48}"
2102,Starbucks Pune Central,18.557382,73.974126,07:00,23:59,Yes,Espresso|Americano|Muffin|Hot Cocoa,S|M|L,Flat Rs.50 off on orders above 300,"{""S"": 50, ""M"": 35, ""L"": 48}"
2103,Urban Sip Pune Central,18.482158,73.75731,07:00,23:59,No,Americano|Muffin|Latte|Cold Coffee,S|M|L,Buy1Get1 Muffin,"{""S"": 36, ""M"": 8, ""L"": 19}"
2104,Starbucks Pune Central,18.594896,73.936932,08:00,22:00,No,Tea|Sandwich|Hot Cocoa|Cold Coffee|Americano|Latte,S|M|L,Flat Rs.50 off on orders above 300,"{""S"": 50, ""M"": 2, ""L"": 8}"
2105,Costa Coffee Wakad,18.536766,73.928495,09:00,23:59,Yes,Cappuccino|Sandwich|Tea|Muffin|Espresso|Latte,S|M|L,20% off on Mornings,"{""S"": 36, ""M"": 28, ""L"": 40}"
2106,The Daily Grind MG Road,18.441542,73.898673,07:00,20:00,No,Cold Coffee|Espresso|Cappuccino,S|M|L,No Offer,"{""S"": 18, ""M"": 13, ""L"": 14}"
2107,The Daily Grind Camp,18.417195,73.750489,06:30,22:00,No,Tea|Cold Coffee|Cappuccino|Americano|Hot Cocoa|Espresso,S|M|L,No Offer,"{""S"": 47, ""M"": 4, ""L"": 24}"
2108,Blue Tokai Baner,18.609308,73.811042,09:00,22:00,No,Sandwich|Americano|Hot Cocoa|Cappuccino,S|M|L,10% Off on Hot Cocoa,"{""S"": 9, ""M"": 28, ""L"": 4}"
2109,Bean Brothers Kalyani Nagar,18.594216,73.862906,09:00,23:59,No,Cappuccino|Hot Cocoa|Americano,S|M|L,20% off on Mornings,"{""S"": 44, ""M"": 45, ""L"": 50}"
2110,The Daily Grind Viman Nagar,18.547527,73.931096,07:00,23:59,Yes,Muffin|Tea|Americano|Espresso,S|M|L,Buy1Get1 Muffin,"{""S"": 44, ""M"": 36, ""L"": 6}"
2111,Bean Brothers FC Road,18.457927,73.94563,08:00,23:00,Yes,Americano|Tea|Cappuccino|Cold Coffee,S|M|L,10% Off on Hot Cocoa,"{""S"": 48, ""M"": 6, ""L"": 32}"
2112,Brew & Co Viman Nagar,18.508625,73.797364,06:30,23:59,Yes,Americano|Tea|Mocha,S|M|L,No Offer,"{""S"": 12, ""M"": 25, ""L"": 2}"
2113,Starbucks Aundh,18.427924,73.956813,08:00,23:59,No,Cappuccino|Muffin|Espresso|Mocha|Americano|Sandwich,S|M|L,No Offer,"{""S"": 17, ""M"": 10, ""L"": 10}"
2114,Starbucks Kalyani Nagar,18.424524,73.807295,09:00,22:00,Yes,Hot Cocoa|Cold Coffee|Americano,S|M|L,20% off on Mornings,"{""S"": 11, ""M"": 13, ""L"": 45}"
2115,Starbucks Camp,18.45228,73.903918,06:30,23:59,No,Latte|Muffin|Sandwich|Tea|Espresso|Cappuccino,S|M|L,Buy1Get1 Muffin,"{""S"": 23, ""M"": 15, ""L"": 12}"
2116,Cafe Coffee Day FC Road,18.501604,73.97413,08:00,22:00,Yes,Cappuccino|Cold Coffee|Sandwich|Latte,S|M|L,No Offer,"{""S"": 32, ""M"": 6, ""L"": 20}"
2117,Brew & Co Camp,18.550829,73.886622,09:00,23:59,Yes,Espresso|Cappuccino|Mocha|Cold Coffee,S|M|L,Buy1Get1 Muffin,"{""S"": 0, ""M"": 25, ""L"": 41}"
2118,Brew & Co FC Road,18.493805,73.846806,06:30,23:00,No,Cappuccino|Espresso|Tea,S|M|L,20% off on Mornings,"{""S"": 49, ""M"": 38, ""L"": 31}"
2119,Cafe Coffee Day Camp,18.590302,73.958034,07:00,23:00,Yes,Tea|Cold Coffee|Mocha|Cappuccino|Americano,S|M|L,20% off on Mornings,"{""S"": 42, ""M"": 30, ""L"": 4}"
2120,Brew & Co FC Road,18.546448,73.877109,09:00,22:00,Yes,Latte|Cappuccino|Hot Cocoa|Sandwich,S|M|L,No Offer,"{""S"": 48, ""M"": 15, ""L"": 39}"
2121,Cafe Coffee Day FC Road,18.433413,73.856394,07:00,22:00,No,Latte|Espresso|Americano|Mocha,S|M|L,20% off on Mornings,"{""S"": 8, ""M"": 17, ""L"": 20}"
2122,Starbucks Camp,18.590427,73.836274,08:00,20:00,Yes,Mocha|Espresso|Sandwich|Hot Cocoa|Latte,S|M|L,Buy1Get1 Muffin,"{""S"": 43, ""M"": 44, ""L"": 46}"
2123,Blue Tokai Kalyani Nagar,18.609849,73.861853,07:00,23:59,Yes,Americano|Cappuccino|Espresso,S|M|L,10% Off on Hot Cocoa,"{""S"": 40, ""M"": 9, ""L"": 13}"
2124,Costa Coffee MG Road,18.442082,73.868423,07:00,22:00,Yes,Americano|Hot Cocoa|Cold Coffee|Mocha|Cappuccino|Tea,S|M|L,No Offer,"{""S"": 11, ""M"": 38, ""L"": 15}"
2125,The Daily Grind Aundh,18.538741,73.968954,07:00,23:00,No,Mocha|Tea|Sandwich,S|M|L,Buy1Get1 Muffin,"{""S"": 30, ""M"": 28, ""L"": 27}"
2126,Roast House Kalyani Nagar,18.576783,73.919178,09:00,20:00,No,Cappuccino|Hot Cocoa|Cold Coffee|Sandwich|Mocha|Muffin,S|M|L,20% off on Mornings,"{""S"": 24, ""M"": 29, ""L"": 19}"
2127,Urban Sip Aundh,18.490435,73.882146,06:30,23:00,Yes,Espresso|Cold Coffee|Muffin|Latte|Tea|Hot Cocoa,S|M|L,20% off on Mornings,"{""S"": 31, ""M"": 25, ""L"": 26}"
2128,Bean Brothers Wakad,18.492569,73.810575,06:30,23:59,Yes,Tea|Cold Coffee|Espresso,S|M|L,No Offer,"{""S"": 16, ""M"": 49, ""L"": 48}"
2129,Brew & Co Camp,18.570591,73.889095,08:00,20:00,No,Espresso|Muffin|Americano|Latte|Cold Coffee|Tea,S|M|L,Buy1Get1 Muffin,"{""S"": 16, ""M"": 38, ""L"": 29}"
2130,Costa Coffee Aundh,18.45978,73.875502,07:00,20:00,Yes,Tea|Muffin|Cappuccino,S|M|L,Flat Rs.50 off on orders above 300,"{""S"": 12, ""M"": 27, ""L"": 10}"
2131,Bean Brothers Aundh,18.566441,73.856855,09:00,23:00,No,Cappuccino|Mocha|Cold Coffee,S|M|L,20% off on Mornings,"{""S"": 47, ""M"": 13, ""L"": 47}"
2132,Bean Brothers Aundh,18.401941,73.777116,09:00,20:00,Yes,Tea|Sandwich|Muffin,S|M|L,20% off on Mornings,"{""S"": 46, ""M"": 27, ""L"": 10}"
2133,Costa Coffee Wakad,18.445136,73.76894,09:00,22:00,Yes,Muffin|Espresso|Cold Coffee|Cappuccino|Latte|Tea,S|M|L,Buy1Get1 Muffin,"{""S"": 16, ""M"": 26, ""L"": 28}"
2134,Coffee Corner MG Road,18.608807,73.77657,08:00,20:00,No,Hot Cocoa|Cappuccino|Mocha,S|M|L,10% Off on Hot Cocoa,"{""S"": 37, ""M"": 15, ""L"": 30}"
2135,Urban Sip MG Road,18.402682,73.800559,06:30,20:00,Yes,Sandwich|Latte|Tea|Hot Cocoa,S|M|L,Flat Rs.50 off on orders above 300,"{""S"": 48, ""M"": 17, ""L"": 31}"
2136,Urban Sip Wakad,18.545449,73.817472,08:00,23:00,Yes,Tea|Muffin|Latte|Cold Coffee|Sandwich,S|M|L,10% Off on Hot Cocoa,"{""S"": 0, ""M"": 29, ""L"": 44}"
2137,Bean Brothers Baner,18.406563,73.766195,08:00,22:00,No,Muffin|Americano|Tea|Mocha|Cappuccino|Latte,S|M|L,20% off on Mornings,"{""S"": 1, ""M"": 40, ""L"": 23}"
2138,Starbucks Wakad,18.563103,73.792754,09:00,23:59,Yes,Tea|Americano|Cappuccino|Mocha|Espresso,S|M|L,20% off on Mornings,"{""S"": 38, ""M"": 12, ""L"": 45}"
2139,Costa Coffee Camp,18.610696,73.925067,06:30,22:00,No,Hot Cocoa|Sandwich|Americano,S|M|L,Buy1Get1 Muffin,"{""S"": 28, ""M"": 7, ""L"": 30}"
2140,Roast House Koregaon Park,18.458805,73.777604,06:30,20:00,No,Cold Coffee|Mocha|Tea,S|M|L,20% off on Mornings,"{""S"": 14, ""M"": 46, ""L"": 16}"
2141,Urban Sip MG Road,18.560114,73.958157,09:00,20:00,No,Muffin|Cappuccino|Mocha|Espresso,S|M|L,No Offer,"{""S"": 41, ""M"": 41, ""L"": 50}"
2142,Roast House Viman Nagar,18.594427,73.790352,06:30,23:00,Yes,Cappuccino|Mocha|Espresso,S|M|L,10% Off on Hot Cocoa,"{""S"": 36, ""M"": 23, ""L"": 8}"
2143,Brew & Co Viman Nagar,18.53886,73.737103,06:30,22:00,No,Mocha|Muffin|Cold Coffee|Hot Cocoa|Sandwich|Tea,S|M|L,Flat Rs.50 off on orders above 300,"{""S"": 14, ""M"": 6, ""L"": 25}"
2144,Starbucks Camp,18.604967,73.812522,08:00,22:00,No,Cold Coffee|Hot Cocoa|Muffin|Mocha|Tea|Latte,S|M|L,Flat Rs.50 off on orders above 300,"{""S"": 20, ""M"": 19, ""L"": 32}"
2145,Cafe Coffee Day Aundh,18.639644,73.906265,09:00,22:00,No,Tea|Latte|Mocha|Cappuccino|Americano,S|M|L,Buy1Get1 Muffin,"{""S"": 46, ""M"": 14, ""L"": 44}"
2146,Starbucks Baner,18.606027,73.911275,08:00,22:00,Yes,Mocha|Tea|Americano|Cold Coffee|Espresso|Muffin,S|M|L,10% Off on Hot Cocoa,"{""S"": 33, ""M"": 46, ""L"": 18}"
2147,The Daily Grind Koregaon Park,18.568666,73.868222,06:30,22:00,No,Hot Cocoa|Americano|Cold Coffee,S|M|L,Flat Rs.50 off on orders above 300,"{""S"": 8, ""M"": 28, ""L"": 44}"
2148,Urban Sip Aundh,18.615732,73.787044,07:00,20:00,No,Cold Coffee|Tea|Sandwich,S|M|L,Buy1Get1 Muffin,"{""S"": 3, ""M"": 6, ""L"": 22}"
2149,Urban Sip Baner,18.627215,73.764863,08:00,23:59,Yes,Espresso|Latte|Cappuccino|Americano|Muffin|Mocha,S|M|L,20% off on Mornings,"{""S"": 44, ""M"": 38, ""L"": 11}"
2150,Bean Brothers MG Road,18.587055,73.944275,09:00,23:00,No,Latte|Cappuccino|Sandwich|Muffin|Tea,S|M|L,No Offer,"{""S"": 41, ""M"": 42, ""L"": 32}"
2151,Blue Tokai FC Road,18.541244,73.973664,09:00,23:00,Yes,Tea|Americano|Muffin|Cold Coffee,S|M|L,Flat Rs.50 off on orders above 300,"{""S"": 8, ""M"": 6, ""L"": 20}"
2152,Cafe Coffee Day Camp,18.444774,73.931788,06:30,23:59,No,Sandwich|Muffin|Cappuccino,S|M|L,Buy1Get1 Muffin,"{""S"": 42, ""M"": 7, ""L"": 11}"
2153,Coffee Corner Baner,18.401678,73.844036,08:00,20:00,Yes,Muffin|Espresso|Cold Coffee|Latte,S|M|L,Flat Rs.50 off on orders above 300,"{""S"": 16, ""M"": 48, ""L"": 2}"
2154,Cafe Coffee Day MG Road,18.521876,73.823954,07:00,23:59,Yes,Hot Cocoa|Latte|Muffin|Mocha,S|M|L,Flat Rs.50 off on orders above 300,"{""S"": 28, ""M"": 8, ""L"": 36}"
2155,Urban Sip Wakad,18.52584,73.973345,08:00,22:00,Yes,Espresso|Latte|Muffin,S|M|L,Buy1Get1 Muffin,"{""S"": 19, ""M"": 13, ""L"": 8}"
2156,Coffee Corner Camp,18.45225,73.822876,07:00,23:59,Yes,Hot Cocoa|Tea|Cold Coffee|Espresso|Sandwich,S|M|L,10% Off on Hot Cocoa,"{""S"": 16, ""M"": 43, ""L"": 27}"
2157,Costa Coffee Camp,18.449303,73.887796,08:00,22:00,No,Tea|Cold Coffee|Mocha|Muffin,S|M|L,No Offer,"{""S"": 24, ""M"": 1, ""L"": 38}"
2158,Blue Tokai MG Road,18.46523,73.864253,09:00,20:00,No,Mocha|Muffin|Hot Cocoa,S|M|L,Buy1Get1 Muffin,"{""S"": 14, ""M"": 17, ""L"": 0}"
2159,Cafe Coffee Day Viman Nagar,18.635476,73.790034,06:30,20:00,Yes,Muffin|Americano|Cappuccino|Hot Cocoa|Cold Coffee,S|M|L,Flat Rs.50 off on orders above 300,"{""S"": 18, ""M"": 35, ""L"": 17}"
2160,Coffee Corner MG Road,18.615577,73.777679,09:00,22:00,No,Americano|Cold Coffee|Hot Cocoa|Latte|Mocha|Muffin,S|M|L,Buy1Get1 Muffin,"{""S"": 42, ""M"": 8, ""L"": 9}"
2161,Bean Brothers Kalyani Nagar,18.576901,73.749388,08:00,22:00,No,Cold Coffee|Americano|Mocha|Tea|Espresso|Hot Cocoa,S|M|L,20% off on Mornings,"{""S"": 17, ""M"": 27, ""L"": 33}"
2162,Blue Tokai Aundh,18.552952,73.757566,08:00,23:59,No,Cappuccino|Muffin|Espresso,S|M|L,10% Off on Hot Cocoa,"{""S"": 10, ""M"": 36, ""L"": 3}"
2163,Cafe Coffee Day Aundh,18.533398,73.854984,06:30,23:59,Yes,Americano|Sandwich|Cappuccino|Espresso|Latte|Hot Cocoa,S|M|L,Buy1Get1 Muffin,"{""S"": 47, ""M"": 0, ""L"": 45}"
2164,Bean Brothers Camp,18.58032,73.795314,06:30,23:59,Yes,Cold Coffee|Cappuccino|Mocha|Tea,S|M|L,Buy1Get1 Muffin,"{""S"": 32, ""M"": 22, ""L"": 3}"
2165,Bean Brothers Pune Central,18.491383,73.826288,06:30,23:00,Yes,Hot Cocoa|Muffin|Americano,S|M|L,20% off on Mornings,"{""S"": 16, ""M"": 13, ""L"": 0}"
2166,Coffee Corner Viman Nagar,18.452591,73.809857,06:30,23:59,No,Mocha|Latte|Americano,S|M|L,20% off on Mornings,"{""S"": 19, ""M"": 22, ""L"": 6}"
2167,Starbucks Wakad,18.614047,73.781378,08:00,20:00,Yes,Americano|Espresso|Cappuccino|Hot Cocoa|Tea|Muffin,S|M|L,No Offer,"{""S"": 7, ""M"": 31, ""L"": 0}"
2168,Costa Coffee Aundh,18.454663,73.831586,08:00,23:00,No,Sandwich|Hot Cocoa|Cappuccino|Espresso,S|M|L,No Offer,"{""S"": 10, ""M"": 8, ""L"": 22}"
2169,Bean Brothers FC Road,18.486617,73.945623,07:00,20:00,Yes,Latte|Cold Coffee|Tea|Espresso|Mocha,S|M|L,20% off on Mornings,"{""S"": 2, ""M"": 10, ""L"": 42}"
2170,Blue Tokai Pune Central,18.630728,73.972603,06:30,23:59,No,Cold Coffee|Mocha|Tea|Hot Cocoa|Sandwich|Espresso,S|M|L,Buy1Get1 Muffin,"{""S"": 7, ""M"": 6, ""L"": 50}"
2171,Starbucks Baner,18.43773,73.8567,07:00,20:00,No,Muffin|Latte|Tea|Espresso|Cold Coffee|Mocha,S|M|L,No Offer,"{""S"": 5, ""M"": 48, ""L"": 27}"
2172,Blue Tokai Kalyani Nagar,18.436999,73.859398,07:00,23:00,Yes,Espresso|Tea|Muffin|Americano|Mocha,S|M|L,10% Off on Hot Cocoa,"{""S"": 44, ""M"": 46, ""L"": 32}"
2173,Coffee Corner Baner,18.445681,73.941869,07:00,22:00,Yes,Tea|Latte|Hot Cocoa|Cappuccino,S|M|L,Buy1Get1 Muffin,"{""S"": 27, ""M"": 1, ""L"": 39}"
2174,Blue Tokai MG Road,18.607844,73.827985,08:00,22:00,Yes,Tea|Americano|Latte|Hot Cocoa|Espresso,S|M|L,10% Off on Hot Cocoa,"{""S"": 19, ""M"": 7, ""L"": 17}"
2175,Brew & Co Aundh,18.62672,73.907481,07:00,23:00,Yes,Latte|Muffin|Sandwich|Mocha,S|M|L,20% off on Mornings,"{""S"": 13, ""M"": 18, ""L"": 30}"
2176,The Daily Grind Kalyani Nagar,18.424583,73.781062,09:00,23:00,No,Cappuccino|Muffin|Latte|Mocha|Hot Cocoa,S|M|L,Buy1Get1 Muffin,"{""S"": 21, ""M"": 23, ""L"": 47}"
2177,Brew & Co Kalyani Nagar,18.527327,73.825882,08:00,22:00,No,Cappuccino|Cold Coffee|Muffin,S|M|L,10% Off on Hot Cocoa,"{""S"": 37, ""M"": 41, ""L"": 12}"
2178,Blue Tokai Pune Central,18.62252,73.754671,08:00,23:00,No,Sandwich|Cold Coffee|Latte|Cappuccino,S|M|L,Buy1Get1 Muffin,"{""S"": 26, ""M"": 35, ""L"": 45}"
2179,The Daily Grind Camp,18.63443,73.951479,09:00,20:00,No,Americano|Tea|Latte,S|M|L,Buy1Get1 Muffin,"{""S"": 38, ""M"": 17, ""L"": 44}"
2180,Costa Coffee Aundh,18.411307,73.872582,07:00,23:59,No,Cold Coffee|Americano|Tea,S|M|L,Flat Rs.50 off on orders above 300,"{""S"": 49, ""M"": 24, ""L"": 25}"
2181,Coffee Corner Aundh,18.450062,73.737564,07:00,20:00,No,Hot Cocoa|Espresso|Muffin|Mocha|Cold Coffee,S|M|L,Flat Rs.50 off on orders above 300,"{""S"": 7, ""M"": 10, ""L"": 14}"
2182,Starbucks Camp,18.457572,73.746082,07:00,23:00,Yes,Latte|Espresso|Sandwich|Hot Cocoa|Muffin,S|M|L,10% Off on Hot Cocoa,"{""S"": 41, ""M"": 22, ""L"": 40}"
2183,Coffee Corner Wakad,18.478295,73.963843,08:00,22:00,No,Mocha|Latte|Sandwich|Tea|Cold Coffee,S|M|L,Buy1Get1 Muffin,"{""S"": 46, ""M"": 17, ""L"": 11}"
2184,The Daily Grind FC Road,18.529373,73.971603,06:30,23:59,No,Americano|Espresso|Mocha|Cold Coffee,S|M|L,Buy1Get1 Muffin,"{""S"": 37, ""M"": 40, ""L"": 48}"
2185,Bean Brothers Baner,18.507453,73.911855,09:00,23:00,Yes,Cappuccino|Americano|Cold Coffee|Espresso|Muffin|Mocha,S|M|L,Buy1Get1 Muffin,"{""S"": 36, ""M"": 31, ""L"": 46}"
2186,Costa Coffee Aundh,18.405451,73.7758,07:00,23:59,Yes,Cold Coffee|Cappuccino|Tea,S|M|L,Buy1Get1 Muffin,"{""S"": 29, ""M"": 41, ""L"": 25}"
2187,Cafe Coffee Day Camp,18.43335,73.916807,06:30,20:00,No,Latte|Cappuccino|Muffin|Tea|Mocha|Americano,S|M|L,Buy1Get1 Muffin,"{""S"": 15, ""M"": 49, ""L"": 5}"
2188,The Daily Grind Baner,18.625664,73.880613,06:30,20:00,No,Espresso|Cold Coffee|Americano,S|M|L,Flat Rs.50 off on orders above 300,"{""S"": 28, ""M"": 10, ""L"": 19}"
2189,Brew & Co Pune Central,18.437483,73.75011,08:00,20:00,Yes,Cappuccino|Sandwich|Hot Cocoa,S|M|L,10% Off on Hot Cocoa,"{""S"": 32, ""M"": 26, ""L"": 9}"
2190,Starbucks Koregaon Park,18.40616,73.839213,07:00,23:00,No,Tea|Cappuccino|Americano|Sandwich,S|M|L,10% Off on Hot Cocoa,"{""S"": 14, ""M"": 6, ""L"": 18}"
2191,Brew & Co MG Road,18.548167,73.765104,06:30,20:00,Yes,Tea|Sandwich|Mocha|Hot Cocoa,S|M|L,Buy1Get1 Muffin,"{""S"": 43, ""M"": 27, ""L"": 9}"
2192,The Daily Grind Kalyani Nagar,18.596615,73.820313,06:30,23:00,No,Hot Cocoa|Cappuccino|Latte|Tea|Sandwich,S|M|L,Buy1Get1 Muffin,"{""S"": 20, ""M"": 9, ""L"": 24}"
2193,Urban Sip Pune Central,18.595916,73.763859,09:00,23:00,Yes,Mocha|Cold Coffee|Sandwich,S|M|L,No Offer,"{""S"": 22, ""M"": 20, ""L"": 31}"
2194,Bean Brothers Pune Central,18.566821,73.836047,08:00,22:00,Yes,Tea|Sandwich|Americano|Hot Cocoa|Muffin|Espresso,S|M|L,Flat Rs.50 off on orders above 300,"{""S"": 34, ""M"": 14, ""L"": 24}"
2195,Cafe Coffee Day Kalyani Nagar,18.571981,73.863167,07:00,20:00,Yes,Latte|Espresso|Muffin|Cold Coffee|Hot Cocoa,S|M|L,No Offer,"{""S"": 8, ""M"": 7, ""L"": 3}"
2196,Brew & Co Wakad,18.6041,73.944725,07:00,23:00,No,Sandwich|Tea|Espresso|Cappuccino,S|M|L,Buy1Get1 Muffin,"{""S"": 3, ""M"": 47, ""L"": 8}"
2197,Cafe Coffee Day Baner,18.490991,73.743023,09:00,23:00,Yes,Muffin|Cappuccino|Americano,S|M|L,Flat Rs.50 off on orders above 300,"{""S"": 10, ""M"": 1, ""L"": 9}"
2198,Brew & Co Baner,18.419358,73.755196,09:00,22:00,Yes,Cold Coffee|Sandwich|Hot Cocoa|Espresso|Tea|Muffin,S|M|L,No Offer,"{""S"": 50, ""M"": 41, ""L"": 44}"
2199,Starbucks Aundh,18.427104,73.7511,06:30,22:00,Yes,Tea|Muffin|Americano,S|M|L,Flat Rs.50 off on orders above 300,"{""S"": 45, ""M"": 16, ""L"": 36}"
2200,Roast House Aundh,18.570645,73.838381,07:00,23:00,Yes,Cold Coffee|Espresso|Tea|Hot Cocoa|Latte|Cappuccino,S|M|L,No Offer,"{""S"": 11, ""M"": 47, ""L"": 35}"
